insert into Department(did, dname)
values
('1', '计算机科学与技术系'),
('2', '数学系'),
('3', '物理系');

insert into pro(pid, pname, did)
values
('1', '软件工程', '1'),
('2', '人工智能', '1'),
('3', '大数据', '1'),
('4', '应用数学', '2'),
('5', '统计学', '2'),
('6', '信息与计算科学', '2'),
('7', '地球物理', '3'),
('8', '量子物理', '3');

insert into class(cid, cname, num, pid)
values
('1', '软件工程1班', '2', '1'),
('2', '软件工程2班', '2', '1'),
('3', '人工智能1班', '2', '2'),
('4', '人工智能2班', '3', '2'),
('5', '大数据1班', '2', '3'),
('6', '大数据2班', '1', '3'),
('7', '应用数学1班', '4', '4'),
('8', '统计学1班', '2', '5'),
('9', '信息与计算科学1班', '2', '6'),
('10', '地球物理1班', '1', '7'),
('11', '量子物理1班', '1', '8'),
('12', '量子物理2班', '2', '8');

insert into student(sid, sname, sex, birth, entry, cid)
values
('1', '张三', '男', '2003-04-03', '2021-09-01', '1'),
('2', '赵四', '男', '2003-01-13', '2021-09-01', '1'),
('3', '王五', '男', '2002-02-23', '2022-09-01', '2'),
('4', '孙六', '女', '2002-05-30', '2022-09-01', '2'),
('5', '李甲', '男', '2003-09-10', '2021-09-01', '3'),
('6', '周乙', '男', '2002-06-06', '2021-09-01', '3'),
('7', '吴丙', '女', '2002-04-19', '2022-09-01', '4'),
('8', '郑星', '女', '2002-12-17', '2022-09-01', '4'),
('9', '陈月', '女', '2002-08-04', '2022-09-01', '4'),
('10', '蒋春', '女', '2002-06-25', '2021-09-01', '5'),
('11', '沈夏', '男', '2003-03-12', '2021-09-01', '5'),
('12', '韩秋', '女', '2003-11-12', '2022-09-01', '6'),
('13', '杨冬', '男', '2002-08-11', '2021-09-01', '7'),
('14', '秦风', '男', '2003-01-02', '2021-09-01', '7'),
('15', '朱雨', '女', '2003-05-06', '2021-09-01', '7'),
('16', '丁茜', '女', '2001-09-30', '2021-09-01', '7'),
('17', '陶明', '男', '2002-09-25', '2021-09-01', '8'),
('18', '潘岳', '男', '2003-11-01', '2021-09-01', '8'),
('19', '章墨', '女', '2002-01-23', '2021-09-01', '9'),
('20', '窦文', '男', '2002-04-03', '2021-09-01', '9'),
('21', '邓成', '男', '2002-05-15', '2021-09-01', '10'),
('22', '万天', '男', '2003-03-06', '2022-09-01', '11'),
('23', '梁越', '女', '2003-09-08', '2022-09-01', '12'),
('24', '晋飞', '男', '2002-11-26', '2022-09-01', '12');


insert into course(csid, csname, cstime, credit)
values
('1', '数据库', '80', '4'),
('2', '操作系统', '80', '4'),
('3', '人工智能基础', '80', '4'),
('4', '数学分析', '120', '6'),
('5', '复变函数', '40', '2'),
('6', '随机过程', '40', '2'),
('7', '经典力学', '80', '4'),
('8', '量子力学', '80', '3'),
('9', '核物理学', '80', '3');

insert into rewards_punishment(rpid, sid, rpname, rpperiod)
values
('1', '1', '成绩优异', '奖学金'),
('2', '4', '成绩优异', '奖学金'),
('3', '6', '见义勇为', '全校表彰');

insert into achievement(sid, csid, score)
values
('1', '1', '99'),
('2', '2', '85'),
('3', '2', '88'),
('4', '3', '98'),
('5', '4', '76'),
('6', '5', '83');

insert into login(username, pwd, avatar_path)
values
('Dth', '123456', 'D:\\Database_lab\\Learn\\picture\\pic1.jpg'),
('Dth1', '123456', null);




